Wallet Address,Display Name
stake1u8zevs34vf4wrsz6xs64zuztdk4agzvpg6c8zv4plesp9ughgq076,WrenCo
stake1u9sjc4ug2n4t7h3te2sqpvk6vda98zn5248lx0kp3hzzrygeajf8r,AUmining
stake1uyxagtdj272hc2kchjvzul43fn34x6e4zx3ew8hcvyn5ycg37rd69,Sellout
stake1u9jntq37e0s2vgygrsmhwyyevclxm95gkhz3yrxwf4ats5q8kjw7c,StatueCorp
stake1u8q4f0qaumlvxkwqjgx373wf0hw24xyeq3jvz0kku4njyvqmhnk4h,Stellar Depletion Syndicate
stake1uxvzmsma3wkunmxwd3tz5yuc4p0aps5p4weku9d6cc7jvrshranf5,UltraCo
stake1u99pdfrwvzlds7x7w8wypcs25tm6v9akjc50hw5qn47rxtcfh6vpj,Traiectum
stake1uxjfldsm5nxc2my58g5jp5lz3pyddj4kglr7lnu4l0t9rvg5qr6n7,SargeCorp
stake1uy49gshxefz0aypl43sd8dqq5cp0y3n6ngfj3ey4emjtjjqaxdngj,NFG
stake1u9hq39q3qd4uuxpm2tv5tm7xfa2nk4g68mmve5dgv7pnq7gy0gnzg,defifomofo
stake1u8zh5uzg8wv3pm7q93903xeevsne8sakh4v3yxlvphjzlpqjnjd93,Kotton
stake1uy2vcs00nmus605w6pe9qd4t473qxwx8xz56gncfhwksfjqqtl8s8,Andypro500
stake1u9djwzm38xh29ym65uj4ngp2sv60zy54xxqgtwryzt6v0jqeh25ur,HADI
stake1uxtyshmvedacqes50vkepwqj8mqtv0dzlxyuud2vr0lxahqwn9zay,LX
stake1uy5p99amz8fqyej2749jn36xxnrmwwlkcddrlmqcelxdyngt64pw5,MTman
stake1uy2fs38ce4c44l5496358sqlmdxw09rktrqwaf5nj0ce7cqpnzruq,biko1
stake1u8653j3mcjks5d304g6eexryse7ma22erw8p05fsvefem8qklu7w7,Spannercorps
stake1uxzcz0wg7jl65dmw6psqkqh0dl5tm2vzh6m4d43hvrewyjqlv0lyp,Mako
stake1u9ca56k5t3t8d3u7utvk46uwrs7nzs9xggn2mypwm27223g764026,ChilliMiner
stake1u84jyw2effrlljugey76gj5e59yxqwfvah739pxdg8w77as8zuklq,Kryptoknight
stake1u9408klzk3cqqng32488zyy4j6m73us9egvkcjkw24ppguq9c969w,Argent 9999
stake1uxunv3jn3ujudlrjxeacllg4q65pyxm0tu5ulrpsr68r96saqnd9j,KA1111
stake1ux483fgs5evhe09dqrtga5k8fqwul89jf5k3vnapfxzj98cucgkdq,BurgleCorps
stake1u9nzkwegktqjedttxfcs58a8gvddkdhhdg2g9frctyvca3sjxymgm,Ken1320
stake1uyj3an8q67ygg6s37gaqap8cd4u43hnr9mswcjw0z8txyhs2ydn5a,hamfish
stake1uy5p672pvdz4pz8h0qfxmzeaemp4txp84um0yqnpy03r4xgucuzqm,sora
stake1u9xkd5frrclspy9t4n4cscp8n7efylefvc4rc7y4caqrtvq2kfrdg,Jr
stake1uxwtueq5p2lxqdnnvgq2900kc9xg2we6z8cwhjq65ry726q23vzmy,W Corp
stake1u9l5zc4fce0szzram6vs8ja8xuahxzrxssf7vumrjrgzkegty84qn,ikarus
stake1u8dleeg4p50hw42wn377t72tzh5k876ng7zwhsvmxnqlnsqw3vtdp,Mojamtz
stake1uy50sgyajgqc3prvtpz22d44m5j8my8z2djw32r6rt0sytcg833zl,argh
stake1uxtm0zmdg3ahz7vfhayjyx9e9mm5y9pucvfw4nfkmjcfeusfm4622,Big ol Ringy Bingy
stake1u9ckx4f8qc0zk70f4mau89dw05w6hfkzrc2fev5rx73yk5q0tywnf,MekGold
stake1uyqrlp6rectfhl2ckyqzm2agt2gsq3pav5rwjt9q8a96n8cyczxcu,goldmine
stake1uyhk5n3wa3l98fjdg7u30tm4cg9jz9t9pmzvfscyus73zfs3wwd46,FourFiveJeff
stake1u8ueuks8du20rkr8vmnrnn832sx0z5f6pp6rte22yxsuhgg6w3cql,Arrowhead Integrated Solutions